PRIMARY_KEY,STATE,YEAR,AVG_MATH_4_SCORE,AVG_MATH_8_SCORE,AVG_READING_4_SCORE,AVG_READING_8_SCORE
2017_ALABAMA,ALABAMA,2017,232.17068774150903,268.312020240893,216.41981353101102,257.686520320925
2017_ALASKA,ALASKA,2017,230.456277558902,277.015571755108,207.03763011579701,257.667496756549
2017_ARIZONA,ARIZONA,2017,234.435788152091,282.248145284054,215.46595194467602,262.957456729335
2017_ARKANSAS,ARKANSAS,2017,233.848143678937,273.75990725281,216.108025728181,259.95579848311
2017_CALIFORNIA,CALIFORNIA,2017,232.262940994562,276.638200063835,215.421814242133,262.520630021396
2017_COLORADO,COLORADO,2017,240.69501661550498,286.247717546748,224.691618694193,270.338688509674
2017_CONNECTICUT,CONNECTICUT,2017,239.237650900737,284.144330330682,228.35531240737004,272.53771145623404
2017_DELAWARE,DELAWARE,2017,236.12756170618698,278.023498869959,221.482217417377,263.089089818878
2017_DISTRICT_OF_COLUMBIA,DISTRICT_OF_COLUMBIA,2017,231.320462145503,265.779770573735,213.38200876623299,246.78775540229
2017_FLORIDA,FLORIDA,2017,246.367695779459,279.120415156315,228.27262205238202,280.499129965249
2017_GEORGIA,GEORGIA,2017,236.383603027145,281.035487532394,219.682925180546,266.553368977303
2017_HAWAII,HAWAII,2017,237.919768737113,277.336845826814,216.364536553619,266.33044082589
2017_IDAHO,IDAHO,2017,239.96751408118098,284.371732938877,222.791065689088,260.982318855375
2017_ILLINOIS,ILLINOIS,2017,238.11894743567402,281.617997668016,220.365898453327,269.673095440861
2017_INDIANA,INDIANA,2017,246.513750055807,287.705639463898,226.417994745998,266.928549776657
2017_IOWA,IOWA,2017,243.107484364402,286.239418158172,221.74726754679,272.023875675737
2017_KANSAS,KANSAS,2017,241.21280456721001,285.283507884924,223.268429173451,267.675678851787
2017_KENTUCKY,KENTUCKY,2017,239.17825740582,277.714161796085,224.08058529007099,267.490027797007
2017_LOUISIANA,LOUISIANA,2017,228.971745398005,266.50676028364103,211.60052787486802,265.133438043566
2017_MAINE,MAINE,2017,239.898994523321,284.00300734202204,221.388602644001,256.751471206395
2017_MARYLAND,MARYLAND,2017,240.601277324157,280.910245611123,225.04933454893998,268.93063240911
2017_MASSACHUSETTS,MASSACHUSETTS,2017,249.10267390992803,297.04222521080004,235.699696767687,267.250532713498
2017_MICHIGAN,MICHIGAN,2017,235.55547254746202,279.50545469933604,217.75324201319302,277.782588599843
2017_MINNESOTA,MINNESOTA,2017,248.804302567269,293.962375743927,224.538513441395,265.468927541301
2017_MISSISSIPPI,MISSISSIPPI,2017,234.69419302812,270.91490754267,215.203305690064,268.616822331955
2017_MISSOURI,MISSOURI,2017,239.502289164298,280.596021606445,222.68108112812197,256.344701137275
2017_MONTANA,MONTANA,2017,240.72163449861802,285.600436850241,222.326721838733,266.03500691502103
2017_NEBRASKA,NEBRASKA,2017,245.59067458725,288.405955332178,224.096224936306,267.208219320757
2017_NEVADA,NEVADA,2017,231.685162157891,275.36545551406897,214.84169616634603,268.528555260402
2017_NEW_HAMPSHIRE,NEW_HAMPSHIRE,2017,245.319838570829,293.290654433387,228.900649270634,259.806407268129
2017_NEW_JERSEY,NEW_JERSEY,2017,247.855231175611,291.698552399307,232.943318467524,274.786039733195
2017_NEW_MEXICO,NEW_MEXICO,2017,229.704281935704,269.374084020303,207.704353543603,275.04455230693
2017_NEW_YORK,NEW_YORK,2017,235.548457260667,281.687999953596,221.884015359739,255.578543060787
2017_NORTH_CAROLINA,NORTH_CAROLINA,2017,240.951393074866,281.926028447068,223.930906236334,264.15758419309
2017_NORTH_DAKOTA,NORTH_DAKOTA,2017,244.243515259852,288.172322165675,221.519265852407,262.720476897929
2017_OHIO,OHIO,2017,240.928372101796,287.714266317975,225.26113810743198,265.08192180549497
2017_OKLAHOMA,OKLAHOMA,2017,237.32627022564702,274.688883411113,216.58777517172902,268.450641614295
2017_OREGON,OREGON,2017,233.132459994163,282.173028442268,217.53107296386798,261.236933515587
2017_PENNSYLVANIA,PENNSYLVANIA,2017,241.672327208486,286.393832326288,224.924702323396,266.216684155209
2017_RHODE_ISLAND,RHODE_ISLAND,2017,237.554934304512,277.180125645798,223.353442679692,269.55382331575
2017_SOUTH_CAROLINA,SOUTH_CAROLINA,2017,234.043992967064,274.67382111862,213.127835391026,265.767859953914
2017_SOUTH_DAKOTA,SOUTH_DAKOTA,2017,241.58894696354,286.376159534544,221.750122908674,259.75300239808604
2017_TENNESSEE,TENNESSEE,2017,236.692515382765,278.77773546865103,218.95279711768399,267.355726574154
2017_TEXAS,TEXAS,2017,240.94367066802897,282.320510342396,214.87849345961,262.046852903713
2017_UTAH,UTAH,2017,242.48076624653302,286.816559110458,225.159172916822,260.342576542804
2017_VERMONT,VERMONT,2017,240.89329718948397,287.62338824063,226.445343411035,268.7524196631
2017_VIRGINIA,VIRGINIA,2017,248.041059058675,290.08140742764704,227.598382221255,273.402640307413
2017_WASHINGTON,WASHINGTON,2017,241.70100096535802,289.13125718319196,223.123408781764,267.74477849910403
2017_WEST_VIRGINIA,WEST_VIRGINIA,2017,236.057018907755,273.415853633933,217.31639617381802,271.617022995208
2017_WISCONSIN,WISCONSIN,2017,240.389213393097,288.14314431546904,219.612694271246,258.700303604492
2017_WYOMING,WYOMING,2017,247.82061920913398,288.761811740442,226.83121099577002,269.371456395493
2015_ALABAMA,ALABAMA,2015,230.977422662321,266.555318518065,217.049089788052,269.020028155068
2015_ALASKA,ALASKA,2015,236.32841695089698,280.493456179845,212.792600219066,258.753761500039
2015_ARIZONA,ARIZONA,2015,237.61175542795,282.919489420654,215.311336461445,260.317018773005
2015_ARKANSAS,ARKANSAS,2015,235.215469726642,275.06475641246897,218.077496215637,262.769391809157
2015_CALIFORNIA,CALIFORNIA,2015,231.54934500615502,275.324573012154,212.677948539849,258.76826797665797
2015_COLORADO,COLORADO,2015,241.563575620412,285.539188724412,224.023224923274,258.986842564294
2015_CONNECTICUT,CONNECTICUT,2015,240.159468855002,283.956677264342,228.947543364196,268.073225333677
2015_DELAWARE,DELAWARE,2015,238.67801881991002,279.810243773994,223.69869684708098,273.048030410963
2015_DISTRICT_OF_COLUMBIA,DISTRICT_OF_COLUMBIA,2015,231.307525116183,263.059776256545,212.305347670353,262.613290731544
2015_FLORIDA,FLORIDA,2015,242.66432092861402,275.32381795874903,227.188968975009,247.65344494672402
2015_GEORGIA,GEORGIA,2015,236.452519256357,278.711796774375,222.013497271819,277.191363427262
2015_HAWAII,HAWAII,2015,237.895806837329,279.340145034503,215.124313046421,263.383001406664
2015_IDAHO,IDAHO,2015,238.79962471268502,283.742325345327,221.69006616565898,262.268605314622
2015_ILLINOIS,ILLINOIS,2015,237.307813789509,281.968567276813,222.02226769547298,257.35043981355
2015_INDIANA,INDIANA,2015,247.65218362008702,287.175201077669,227.278891330949,268.553479550783
2015_IOWA,IOWA,2015,243.339911874178,286.41621998599,223.62939884096,266.806728332711
2015_KANSAS,KANSAS,2015,241.067208517258,283.871096311731,221.08988042430698,268.25346768003504
2015_KENTUCKY,KENTUCKY,2015,241.72776193105202,277.947260135803,228.05516833276198,268.200596266662
2015_LOUISIANA,LOUISIANA,2015,234.28190182677002,268.432355132751,216.199337216284,266.76553060986
2015_MAINE,MAINE,2015,242.24465409976503,284.875476957911,223.728607946102,267.772900145423
2015_MARYLAND,MARYLAND,2015,239.49975090765,283.149034098785,222.944189619399,255.46941777756902
2015_MASSACHUSETTS,MASSACHUSETTS,2015,250.56577782628202,296.908571436848,235.27542341878998,268.391236298695
2015_MICHIGAN,MICHIGAN,2015,235.728893690295,278.168651923457,216.306630194926,267.905529723763
2015_MINNESOTA,MINNESOTA,2015,249.575846952089,294.147777973073,223.352919981062,274.497568115749
2015_MISSISSIPPI,MISSISSIPPI,2015,234.243053139768,270.580479347121,214.110686915211,264.496755061626
2015_MISSOURI,MISSOURI,2015,238.964922500718,280.821425670635,222.72551679114,270.23681775626204
2015_MONTANA,MONTANA,2015,241.287048262014,287.464005517244,224.757393529067,251.97616520927798
2015_NEBRASKA,NEBRASKA,2015,243.863666875446,286.49856348622797,226.634610885937,266.876351831946
2015_NEVADA,NEVADA,2015,233.827016206925,275.171868843271,214.425584466776,269.956777592733
2015_NEW_HAMPSHIRE,NEW_HAMPSHIRE,2015,249.150621351838,294.413018726344,231.94984764811198,269.426210864772
2015_NEW_JERSEY,NEW_JERSEY,2015,245.383220077076,293.36593817877,229.487674441138,259.417376365165
2015_NEW_MEXICO,NEW_MEXICO,2015,231.167235964367,270.897534405553,207.24044637637698,274.8067462817
2015_NEW_YORK,NEW_YORK,2015,236.796927043204,280.089220069279,222.64630319770302,270.85371153052995
2015_NORTH_CAROLINA,NORTH_CAROLINA,2015,243.74226678887902,281.331091062317,225.810590900179,253.227767643793
2015_NORTH_DAKOTA,NORTH_DAKOTA,2015,244.71383057757998,288.244147214039,224.69198435116002,263.247658592835
2015_OHIO,OHIO,2015,243.598591203345,285.061955059169,224.930419714072,260.594556550199
2015_OKLAHOMA,OKLAHOMA,2015,239.760481447062,274.58598213813997,221.830510126344,266.95532299054
2015_OREGON,OREGON,2015,237.74670893826,282.81489935264597,220.222719958397,265.879220258589
2015_PENNSYLVANIA,PENNSYLVANIA,2015,243.312239940824,283.66841544434897,226.670774068,262.673145850428
2015_RHODE_ISLAND,RHODE_ISLAND,2015,238.00172968276402,281.445219579398,225.485536668854,267.670519675172
2015_SOUTH_CAROLINA,SOUTH_CAROLINA,2015,237.08957145861402,275.827866191395,217.969676534277,268.746120751013
2015_SOUTH_DAKOTA,SOUTH_DAKOTA,2015,239.723094945658,284.64140569223997,220.469524583778,265.05085783205897
2015_TENNESSEE,TENNESSEE,2015,240.66739574311902,278.203380665353,218.61326439370097,260.331422813083
2015_TEXAS,TEXAS,2015,244.00247204328,283.793540280437,217.942913018264,267.079864989695
2015_UTAH,UTAH,2015,242.562787058815,286.116911188659,226.14307488268398,264.771228998921
2015_VERMONT,VERMONT,2015,243.25039915815398,290.355191159079,230.098616569303,260.655135980903
2015_VIRGINIA,VIRGINIA,2015,246.612621705962,287.70929867527803,228.97125501022703,269.430664700586
2015_WASHINGTON,WASHINGTON,2015,244.98142218530103,286.513107597489,225.89288905903098,273.961831447048
2015_WEST_VIRGINIA,WEST_VIRGINIA,2015,235.20466146206502,271.45070884715,216.25328788386398,266.836053468874
2015_WISCONSIN,WISCONSIN,2015,243.31021131879902,289.077749211995,223.35635551293498,267.25088066645696
2015_WYOMING,WYOMING,2015,246.75976446726798,286.666547067471,228.160802772906,260.185272642999
2013_ALABAMA,ALABAMA,2013,232.86133246614799,269.194280616502,218.57595339188,269.533726363214
2013_ALASKA,ALASKA,2013,236.122004416339,281.559572836526,209.347288173954,268.803363090763
2013_ARIZONA,ARIZONA,2013,240.30491147057597,279.722267962505,213.13413148086602,257.427838227608
2013_ARKANSAS,ARKANSAS,2013,239.89052210005002,277.91480245625803,218.523885266815,261.256092625584
2013_CALIFORNIA,CALIFORNIA,2013,233.65446462441298,275.901350652197,212.54596789306302,260.448287236627
2013_COLORADO,COLORADO,2013,246.975708032011,289.68180010957997,226.663219629357,261.964490796451
2013_CONNECTICUT,CONNECTICUT,2013,243.440297394202,285.243972274119,229.58159936534,261.50245565870097
2013_DELAWARE,DELAWARE,2013,243.107758182676,282.338298596548,225.77165116252002,271.00908694257197
2013_DISTRICT_OF_COLUMBIA,DISTRICT_OF_COLUMBIA,2013,228.56725387257598,265.259365712508,205.613936927868,274.459542474537
2013_FLORIDA,FLORIDA,2013,241.675809566843,280.855839554008,227.46317661052,265.98498149856204
2013_GEORGIA,GEORGIA,2013,240.04723664592998,279.179110912454,221.83671251456798,247.739153738325
2013_HAWAII,HAWAII,2013,243.308618941163,281.41292228842497,214.843879930676,276.994367424941
2013_IDAHO,IDAHO,2013,240.722019842936,286.413881629757,219.30298595179198,265.828297127322
2013_ILLINOIS,ILLINOIS,2013,239.00020401700297,284.89764716416903,218.540183872207,264.615713463699
2013_INDIANA,INDIANA,2013,248.59677735800202,287.767653833023,225.33234084693902,259.96056954683496
2013_IOWA,IOWA,2013,245.793505546843,285.07013777479,223.81580463461103,270.22416855056196
2013_KANSAS,KANSAS,2013,246.18570187094397,289.518256078135,223.386368779104,266.898720958132
2013_KENTUCKY,KENTUCKY,2013,241.469926794712,280.64544247634996,224.427540486587,267.272974657765
2013_LOUISIANA,LOUISIANA,2013,231.36630864378998,272.76096647842604,210.45496322432098,269.003449619325
2013_MAINE,MAINE,2013,245.84700179867198,288.73115973795603,224.83328901991797,266.887523609855
2013_MARYLAND,MARYLAND,2013,245.16937954677502,286.641381102957,232.05597314742198,269.616471686598
2013_MASSACHUSETTS,MASSACHUSETTS,2013,253.03378520177898,300.568235011147,232.37315597277302,257.351242737394
2013_MICHIGAN,MICHIGAN,2013,236.819778402754,280.133597093752,217.36516772931998,269.193764016326
2013_MINNESOTA,MINNESOTA,2013,253.420961133202,294.592972603507,227.030741772012,273.801903090503
2013_MISSISSIPPI,MISSISSIPPI,2013,231.105721411129,271.160967287249,208.518536453726,277.009559086016
2013_MISSOURI,MISSOURI,2013,239.548361930055,282.988457911702,222.33418590941602,265.942963067388
2013_MONTANA,MONTANA,2013,243.69888459472,289.228453008852,222.982749322942,271.019654579448
2013_NEBRASKA,NEBRASKA,2013,243.157929125431,285.061348473454,223.252785111637,253.14781817765498
2013_NEVADA,NEVADA,2013,236.262899387868,278.28668090862004,213.75531361813802,267.215011778953
2013_NEW_HAMPSHIRE,NEW_HAMPSHIRE,2013,252.993525166642,295.665123344221,231.998366395397,271.765782480696
2013_NEW_JERSEY,NEW_JERSEY,2013,246.87090919859298,296.053351131027,228.71974406764198,269.221914635868
2013_NEW_MEXICO,NEW_MEXICO,2013,232.78143293135602,272.76180889422903,205.756405354204,261.695982235772
2013_NEW_YORK,NEW_YORK,2013,240.34981686683898,281.807787831651,223.81336257733997,274.307731748779
2013_NORTH_CAROLINA,NORTH_CAROLINA,2013,244.801732892983,285.645388424867,222.227715159886,276.37798779341
2013_NORTH_DAKOTA,NORTH_DAKOTA,2013,246.424794889496,290.515111260981,224.08338500152198,255.87007704604198
2013_OHIO,OHIO,2013,245.549796905114,289.528096752185,223.88774613674198,266.346063235407
2013_OKLAHOMA,OKLAHOMA,2013,238.921877478041,275.50673202657697,216.988876495215,264.540999710832
2013_OREGON,OREGON,2013,240.09925201800598,283.524589064024,219.132674237737,267.779199654396
2013_PENNSYLVANIA,PENNSYLVANIA,2013,244.012619964297,289.623651633339,226.40232361222098,269.086973442103
2013_RHODE_ISLAND,RHODE_ISLAND,2013,241.41673523663502,284.092212214805,222.80223975373198,261.931495221637
2013_SOUTH_CAROLINA,SOUTH_CAROLINA,2013,236.625899742704,279.824608578537,213.64654387011,268.282662715666
2013_SOUTH_DAKOTA,SOUTH_DAKOTA,2013,240.98109972224202,287.270390625653,217.930744868492,272.085365342425
2013_TENNESSEE,TENNESSEE,2013,239.774787022732,277.720127269641,219.735394665222,266.677052388789
2013_TEXAS,TEXAS,2013,241.926288740505,288.198967599188,216.909597076471,261.449050699613
2013_UTAH,UTAH,2013,242.82068873480802,284.331486246838,222.767635531589,268.100772835989
2013_VERMONT,VERMONT,2013,247.803294738209,295.469562357463,227.98651907652697,265.359504625647
2013_VIRGINIA,VIRGINIA,2013,246.177456938875,288.142959517699,228.555737669337,263.684137731278
2013_WASHINGTON,WASHINGTON,2013,246.288338069866,289.956988743835,225.048863335833,270.041925765873
2013_WEST_VIRGINIA,WEST_VIRGINIA,2013,237.440632664342,274.430134697899,214.663401291545,274.368547733738
2013_WISCONSIN,WISCONSIN,2013,244.706291648161,288.74578084165404,220.818103448031,267.589864309109
2013_WYOMING,WYOMING,2013,246.52240092011502,288.119137263578,225.84897495660198,272.036124410819
2011_ALABAMA,ALABAMA,2011,231.286019035945,269.09651583719,220.273413326721,257.383509312362
2011_ALASKA,ALASKA,2011,236.35965802610698,283.2727978671,207.92369589694,267.54299418783296
2011_ARIZONA,ARIZONA,2011,235.157597045644,279.033501713793,212.395049942915,270.966172221906
2011_ARKANSAS,ARKANSAS,2011,237.810156979715,279.088205018109,216.51486397474997,258.421090379483
2011_CALIFORNIA,CALIFORNIA,2011,234.164993212459,272.769803091291,211.35863599994,261.28525201639997
2011_COLORADO,COLORADO,2011,244.456097110102,291.7426728709,223.43384362777198,260.14800521382597
2011_CONNECTICUT,CONNECTICUT,2011,242.413406903396,286.999944694085,227.42730425383598,259.140937770185
2011_DELAWARE,DELAWARE,2011,240.359832433478,282.769966403216,225.13051109460702,254.935218336086
2011_DISTRICT_OF_COLUMBIA,DISTRICT_OF_COLUMBIA,2011,221.808283121753,260.46687784992,200.627987932281,270.636204320649
2011_FLORIDA,FLORIDA,2011,239.826451038787,277.837035214102,224.528585389604,274.681399470751
2011_GEORGIA,GEORGIA,2011,238.366542086539,278.483619188656,220.810720110917,265.83947553632004
2011_HAWAII,HAWAII,2011,238.82192776062,277.836211052583,213.61457117423,242.056368171996
2011_IDAHO,IDAHO,2011,240.328832465338,286.675063250389,220.82977062233996,272.349959976913
2011_ILLINOIS,ILLINOIS,2011,238.836878932328,283.228134687939,219.35749825998798,262.121374840411
2011_INDIANA,INDIANA,2011,243.836875966553,285.00291608665003,220.731342685885,262.358643383963
2011_IOWA,IOWA,2011,242.60487294847198,284.92083605870397,220.70744695489498,257.188010446519
2011_KANSAS,KANSAS,2011,246.25533479144298,289.61928267473996,223.565091158237,268.014671593394
2011_KENTUCKY,KENTUCKY,2011,240.83070024317,281.608809706829,225.13506287332996,265.643729382276
2011_LOUISIANA,LOUISIANA,2011,230.778869270132,272.843333892634,210.410726308503,264.729844537772
2011_MAINE,MAINE,2011,244.257016536718,288.73229763660197,222.03733220763698,264.55452746182596
2011_MARYLAND,MARYLAND,2011,247.106555813795,287.997802255227,230.78284121169602,267.336395789343
2011_MASSACHUSETTS,MASSACHUSETTS,2011,253.39645576405,298.512431105164,236.773866580369,268.833963566714
2011_MICHIGAN,MICHIGAN,2011,236.40221370650698,280.176517968298,218.860810368135,254.68834784390498
2011_MINNESOTA,MINNESOTA,2011,249.186686145154,294.946422810345,222.30867236980401,269.872413013173
2011_MISSISSIPPI,MISSISSIPPI,2011,229.868022217831,269.235645624753,209.18802012976502,271.222896649808
2011_MISSOURI,MISSOURI,2011,240.494831043156,281.947646246654,220.346171042259,275.36851762846
2011_MONTANA,MONTANA,2011,243.796606541624,292.907804277033,225.144216219664,265.194041240472
2011_NEBRASKA,NEBRASKA,2011,239.80326865057597,283.197044839966,223.311726013091,270.148960241064
2011_NEVADA,NEVADA,2011,237.031878873139,278.113153726165,212.575191683097,253.83344043271302
2011_NEW_HAMPSHIRE,NEW_HAMPSHIRE,2011,251.77883682247003,292.10873973776,230.392676367953,266.76205134969103
2011_NEW_JERSEY,NEW_JERSEY,2011,248.00416256175097,294.138771366004,231.23762972371003,272.87414076560697
2011_NEW_MEXICO,NEW_MEXICO,2011,232.840370734081,274.454701456959,208.01411935219,267.70386518897203
2011_NEW_YORK,NEW_YORK,2011,237.519942618542,280.45302609298597,222.49381094408798,258.19326424883997
2011_NORTH_CAROLINA,NORTH_CAROLINA,2011,244.51790076388198,286.267028242857,221.356963571717,272.078626455018
2011_NORTH_DAKOTA,NORTH_DAKOTA,2011,245.15641599478298,291.998404485775,225.57752634611,275.183164316271
2011_OHIO,OHIO,2011,244.038621552155,288.602596832439,223.82821391211002,255.86163460115003
2011_OKLAHOMA,OKLAHOMA,2011,237.42908227430198,279.179608185009,215.47758572983398,265.69702830715
2011_OREGON,OREGON,2011,236.914497047468,282.518206779261,216.44015438168898,262.928956255321
2011_PENNSYLVANIA,PENNSYLVANIA,2011,245.654910289272,286.10274173594104,227.23646319431,268.69421789306097
2011_RHODE_ISLAND,RHODE_ISLAND,2011,241.624774676562,282.875659622898,222.481596913528,268.283949224188
2011_SOUTH_CAROLINA,SOUTH_CAROLINA,2011,237.303024975307,281.000133716553,214.899808914466,260.121264611744
2011_SOUTH_DAKOTA,SOUTH_DAKOTA,2011,240.979792262817,290.61519679044,219.814446299081,264.225611626444
2011_TENNESSEE,TENNESSEE,2011,232.90111698293097,274.038710319906,214.640214936919,267.750596675669
2011_TEXAS,TEXAS,2011,241.10179365066003,290.34670935526503,218.320844616792,265.119556331117
2011_UTAH,UTAH,2011,242.53751311453098,283.308332086503,220.41603448313703,260.30701989879503
2011_VERMONT,VERMONT,2011,246.639729922321,293.882577068531,226.771642682085,268.941537575366
2011_VIRGINIA,VIRGINIA,2011,245.333618143766,289.255411153431,226.37843469423998,259.20837071319903
2011_WASHINGTON,WASHINGTON,2011,243.182884658018,288.107761945489,220.52878797215598,261.428390874698
2011_WEST_VIRGINIA,WEST_VIRGINIA,2011,234.655806758932,273.263173122564,214.386024190084,267.08740609916197
2011_WISCONSIN,WISCONSIN,2011,244.691865519641,288.665932686223,221.23990687237202,273.84076504911496
2011_WYOMING,WYOMING,2011,243.874435027563,287.767926048951,224.062278090794,267.272891187823
2009_ALABAMA,ALABAMA,2009,227.962650411086,268.524120315168,216.273355869774,267.577473732317
2009_ALASKA,ALASKA,2009,237.21228433612202,283.047662800849,211.127368273139,256.10686155675097
2009_ARIZONA,ARIZONA,2009,229.991105224216,277.332281962623,209.989269506089,267.16702974162
2009_ARKANSAS,ARKANSAS,2009,237.54059191157398,275.999499994013,216.15158139298802,269.568729685871
2009_CALIFORNIA,CALIFORNIA,2009,231.674927207631,270.448588146426,209.762405377999,254.89524659554002
2009_COLORADO,COLORADO,2009,243.132439997085,287.372907515934,225.69664059033198,259.449426538116
2009_CONNECTICUT,CONNECTICUT,2009,244.717742733409,288.608513451696,228.97211669940899,257.595275452299
2009_DELAWARE,DELAWARE,2009,239.490569439364,283.829472979958,225.513086784412,258.048580163614
2009_DISTRICT_OF_COLUMBIA,DISTRICT_OF_COLUMBIA,2009,219.260141025805,253.595186871272,201.984637739722,252.631380782334
2009_FLORIDA,FLORIDA,2009,241.944909379496,279.33526411278,225.67340734479401,265.51311994428
2009_GEORGIA,GEORGIA,2009,236.029572886478,277.561199732371,217.84810573368802,271.810133169712
2009_HAWAII,HAWAII,2009,235.679780829025,273.758606683625,210.61641868593998,264.998966063101
2009_IDAHO,IDAHO,2009,241.04280230401298,287.305215052426,221.022924421352,242.49042430531398
2009_ILLINOIS,ILLINOIS,2009,238.28566884936,282.43141699208803,219.16577996227002,272.45931634873904
2009_INDIANA,INDIANA,2009,242.616809561118,286.809977886735,222.659480848241,264.362040854787
2009_IOWA,IOWA,2009,242.59564400257702,284.170178554705,221.422298113147,260.244524519648
2009_KANSAS,KANSAS,2009,245.308653571101,288.596403041255,223.924213283757,254.738979931593
2009_KENTUCKY,KENTUCKY,2009,238.835902308004,279.284216093787,225.606242400736,264.837184984886
2009_LOUISIANA,LOUISIANA,2009,229.432455453722,272.379906697646,207.48613716309399,264.514002261585
2009_MAINE,MAINE,2009,244.45573275395802,286.361425938805,223.790428000088,265.69124060951
2009_MARYLAND,MARYLAND,2009,243.795041028457,288.341565298202,226.047783920533,264.888126041644
2009_MASSACHUSETTS,MASSACHUSETTS,2009,252.25478970054797,298.854346618482,233.749463106304,266.799519310717
2009_MICHIGAN,MICHIGAN,2009,236.279719737382,278.268168151681,218.23555034441898,266.854019810768
2009_MINNESOTA,MINNESOTA,2009,249.455534206082,294.443320106986,223.336661773101,253.329004007468
2009_MISSISSIPPI,MISSISSIPPI,2009,227.262260849183,265.001958154729,210.50651753667802,267.706499608477
2009_MISSOURI,MISSOURI,2009,240.684380944942,285.808001946777,223.84235777869597,267.29805648900395
2009_MONTANA,MONTANA,2009,244.400751913997,291.542942879491,224.651750127955,273.58928971871103
2009_NEBRASKA,NEBRASKA,2009,238.748463363704,284.259093531038,222.523307331545,261.898150017122
2009_NEVADA,NEVADA,2009,235.152273891367,274.148541684888,211.140588986901,269.739820132507
2009_NEW_HAMPSHIRE,NEW_HAMPSHIRE,2009,251.071752631735,292.321817220053,229.144520432665,251.305654614612
2009_NEW_JERSEY,NEW_JERSEY,2009,246.52986977977997,292.657227109585,229.394486392659,266.876460156868
2009_NEW_MEXICO,NEW_MEXICO,2009,230.029589245712,269.704253797704,207.645730781769,270.393925995333
2009_NEW_YORK,NEW_YORK,2009,240.641098758037,282.576915418605,224.36874884831101,267.067856574245
2009_NORTH_CAROLINA,NORTH_CAROLINA,2009,243.77846013203302,284.332635252336,219.296045907462,253.84095441962998
2009_NORTH_DAKOTA,NORTH_DAKOTA,2009,245.18952627082996,292.842488544915,225.967471901352,270.748158823326
2009_OHIO,OHIO,2009,243.68755285939702,285.583013784517,224.532178118541,272.80263385761003
2009_OKLAHOMA,OKLAHOMA,2009,236.780985587581,275.711956830545,217.19062755925302,254.129173669956
2009_OREGON,OREGON,2009,238.03232724765098,285.036814371216,218.142340516871,264.288057457975
2009_PENNSYLVANIA,PENNSYLVANIA,2009,243.58787315025,288.30416892392503,223.67943988465802,259.528486560755
2009_RHODE_ISLAND,RHODE_ISLAND,2009,238.76685909351102,277.92371937218996,222.704885161548,269.239984852546
2009_SOUTH_CAROLINA,SOUTH_CAROLINA,2009,235.66830247692798,280.380855413571,215.942298236521,268.67823553327
2009_SOUTH_DAKOTA,SOUTH_DAKOTA,2009,242.097789760041,290.619127707892,222.166592778336,259.495771007061
2009_TENNESSEE,TENNESSEE,2009,231.82548619984797,274.761821088186,216.737811108148,265.08924671643996
2009_TEXAS,TEXAS,2009,240.464623710389,286.685076683873,218.858272374458,270.700536709088
2009_UTAH,UTAH,2009,240.318712615955,284.068251870422,219.204130166973,259.885589729898
2009_VERMONT,VERMONT,2009,247.767226051132,292.866096352356,228.735783571246,257.27418459256097
2009_VIRGINIA,VIRGINIA,2009,243.07129688880002,286.069754986907,226.52756797670398,270.06099022928
2009_WASHINGTON,WASHINGTON,2009,242.25709121275398,288.722375608773,221.330110400417,260.94667619164903
2009_WEST_VIRGINIA,WEST_VIRGINIA,2009,232.983144485532,270.415765915327,214.520200208315,260.368795018986
2009_WISCONSIN,WISCONSIN,2009,243.585253522635,288.140726236317,220.135540597472,265.591577109328
2009_WYOMING,WYOMING,2009,242.009195680162,286.10403398533,222.65219632999901,272.305134189083
2007_ALABAMA,ALABAMA,2007,228.52001796592498,266.000109919931,216.38895388448998,265.641981716133
2007_ALASKA,ALASKA,2007,237.27389321932498,282.557154120707,214.476954408027,266.917617143622
2007_ARIZONA,ARIZONA,2007,231.93693354533798,275.548426408372,209.520624281702,254.799747493408
2007_ARKANSAS,ARKANSAS,2007,237.670687444943,273.89986215628,217.027817745061,265.812615742952
2007_CALIFORNIA,CALIFORNIA,2007,230.034091233638,270.381784005669,208.52218596154998,268.159428117446
2007_COLORADO,COLORADO,2007,240.205890246617,286.19275616634104,223.73265289646199,251.93688143753602
2007_CONNECTICUT,CONNECTICUT,2007,242.755646830159,282.472790062009,227.203649213779,258.798455932602
2007_DELAWARE,DELAWARE,2007,241.794894891207,282.992082743316,225.07054230184897,254.82879235400398
2007_DISTRICT_OF_COLUMBIA,DISTRICT_OF_COLUMBIA,2007,213.698898810354,248.198742417967,197.08595039547401,257.96099580386004
2007_FLORIDA,FLORIDA,2007,242.02025001892997,277.383497256758,223.534926816656,251.287791535591
2007_GEORGIA,GEORGIA,2007,235.209017091471,274.778664644925,218.888171260588,266.407881623504
2007_HAWAII,HAWAII,2007,234.286134982354,268.77201335193297,213.496554967804,267.055691390062
2007_IDAHO,IDAHO,2007,240.90284353732002,283.507595771493,223.404065315834,264.544830664544
2007_ILLINOIS,ILLINOIS,2007,237.28704131937099,280.497096028329,219.386811378061,240.793624795109
2007_INDIANA,INDIANA,2007,245.14425495640302,285.007210900174,221.673092302826,272.692552866005
2007_IOWA,IOWA,2007,242.819589303779,285.226903146597,224.89479538694698,259.790720651776
2007_KANSAS,KANSAS,2007,247.923654192161,290.03259982925704,224.65836220092098,258.70499279233997
2007_KENTUCKY,KENTUCKY,2007,235.087920190601,278.704749914375,222.432314246177,251.33081069192403
2007_LOUISIANA,LOUISIANA,2007,230.043119251121,272.386299598469,207.40680552969897,264.88634244604697
2007_MAINE,MAINE,2007,242.370603982666,286.47225311598703,225.54404578474097,262.826617097915
2007_MARYLAND,MARYLAND,2007,240.32823069137902,285.734265236821,224.78126512650798,264.095960900362
2007_MASSACHUSETTS,MASSACHUSETTS,2007,252.430319790792,297.923344483955,235.753462061818,267.450719560442
2007_MICHIGAN,MICHIGAN,2007,237.605553465148,276.830517083696,220.11845283265,267.413790936682
2007_MINNESOTA,MINNESOTA,2007,246.997762406425,291.85111653854,224.917004310155,261.96595099365396
2007_MISSISSIPPI,MISSISSIPPI,2007,227.612377077088,264.890918700127,207.809518812675,253.23829428128897
2007_MISSOURI,MISSOURI,2007,239.411102894897,280.619538285703,220.776827870135,269.920153818638
2007_MONTANA,MONTANA,2007,243.618811261651,287.07552895369497,226.66653258748403,265.240121492132
2007_NEBRASKA,NEBRASKA,2007,238.040808639328,283.65059864617297,222.902554305927,273.284048809294
2007_NEVADA,NEVADA,2007,231.781600510466,270.80402437492296,210.819009123413,260.31770609297297
2007_NEW_HAMPSHIRE,NEW_HAMPSHIRE,2007,248.571526557139,287.55706095499403,229.01717335240897,268.197442761373
2007_NEW_JERSEY,NEW_JERSEY,2007,248.621522373251,288.583451449458,230.64697200837998,250.063570104392
2007_NEW_MEXICO,NEW_MEXICO,2007,228.06431284199502,267.53807866263304,211.631884615174,263.442315999206
2007_NEW_YORK,NEW_YORK,2007,242.54301817964298,280.14117723747603,223.75202728955898,270.937849960978
2007_NORTH_CAROLINA,NORTH_CAROLINA,2007,241.617994022296,283.880668759806,217.934042613497,267.030850555401
2007_NORTH_DAKOTA,NORTH_DAKOTA,2007,245.415854173904,291.561611918756,226.325481086957,252.348473866768
2007_OHIO,OHIO,2007,244.532731712557,284.851639473941,225.666987806902,269.734588561039
2007_OKLAHOMA,OKLAHOMA,2007,236.80219418762002,274.534989354995,216.955654036521,270.141550284263
2007_OREGON,OREGON,2007,236.039657297687,283.826277204194,215.01732344376998,250.75317445252998
2007_PENNSYLVANIA,PENNSYLVANIA,2007,244.001273492789,286.16686332577,226.353658210298,263.54571646767005
2007_RHODE_ISLAND,RHODE_ISLAND,2007,235.87793575221198,275.386990471622,218.761444851879,259.13670308841097
2007_SOUTH_CAROLINA,SOUTH_CAROLINA,2007,237.10741145424402,281.50360148092096,213.836527211386,268.017670542433
2007_SOUTH_DAKOTA,SOUTH_DAKOTA,2007,241.213428581694,288.463925271604,223.39852668799702,267.978979400559
2007_TENNESSEE,TENNESSEE,2007,232.753710108317,273.978786623685,215.749268590355,259.547225161046
2007_TEXAS,TEXAS,2007,242.339759859575,285.870708420456,219.60431305031602,265.710210180337
2007_UTAH,UTAH,2007,239.40498890696202,281.08747370552504,221.26142812873903,267.665630227785
2007_VERMONT,VERMONT,2007,246.35740495721402,291.010773791979,228.248538219188,258.321117711185
2007_VIRGINIA,VIRGINIA,2007,243.52112978321603,287.62590496388196,227.13672485221198,257.42120279297296
2007_WASHINGTON,WASHINGTON,2007,242.54223198471402,284.862804344983,223.999336825378,269.596763416027
2007_WEST_VIRGINIA,WEST_VIRGINIA,2007,236.33780580016702,270.084093587271,215.13055545931098,259.161954905287
2007_WISCONSIN,WISCONSIN,2007,244.181214196835,285.617942521924,223.31800981087602,260.812919224922
2007_WYOMING,WYOMING,2007,243.86691506428397,286.987771483089,225.289483281059,262.22802467896196
2005_ALABAMA,ALABAMA,2005,225.07123624126498,262.211100048323,207.75203301297,273.045757236707
2005_ALASKA,ALASKA,2005,235.51070553974498,278.958709394219,211.06131857044997,266.87873748607603
2005_ARIZONA,ARIZONA,2005,229.80067307133098,274.305090048274,207.14273663584,264.947778144606
2005_ARKANSAS,ARKANSAS,2005,235.54546696397998,271.636348366415,217.071528896937,254.99855238547798
2005_CALIFORNIA,CALIFORNIA,2005,230.36695749900002,268.558128581435,206.512026480797,264.184509633385
2005_COLORADO,COLORADO,2005,239.21587446297997,280.824007310133,223.65613000374802,266.22554358249
2005_CONNECTICUT,CONNECTICUT,2005,242.12073236174197,281.068953005311,225.753019686927,251.978391189903
2005_DELAWARE,DELAWARE,2005,239.71691237716598,280.95354283122003,225.83845909292003,258.721274696008
2005_DISTRICT_OF_COLUMBIA,DISTRICT_OF_COLUMBIA,2005,211.122298531209,245.215780768922,190.78735568684,254.78793822517503
2005_FLORIDA,FLORIDA,2005,238.930649601433,274.04837689747995,219.465222176412,257.691731885046
2005_GEORGIA,GEORGIA,2005,233.635737790752,272.191564411022,214.430920543413,250.431056381298
2005_HAWAII,HAWAII,2005,230.096875403391,265.629319114115,209.578767644628,264.75810609504504
2005_IDAHO,IDAHO,2005,241.65011574286498,280.966896649599,221.85951138201,264.012759246181
2005_ILLINOIS,ILLINOIS,2005,233.067493972686,277.672238913307,216.489719991402,266.00936537348
2005_INDIANA,INDIANA,2005,240.06909881046798,281.714945536305,218.072533254427,238.20309296002998
2005_IOWA,IOWA,2005,239.880801811134,283.81092883167196,220.80940018770698,270.508740857412
2005_KANSAS,KANSAS,2005,245.782046485738,284.030053484553,220.468749319458,255.77997000492599
2005_KENTUCKY,KENTUCKY,2005,231.492305367483,273.983027164396,219.926817858434,256.872381537265
2005_LOUISIANA,LOUISIANA,2005,230.23119641348597,267.755030846034,209.165658287644,248.50542302122102
2005_MAINE,MAINE,2005,240.691459684627,281.058540918142,224.57777217037602,264.301743791415
2005_MARYLAND,MARYLAND,2005,238.42170673666402,277.930794576753,220.02958576564998,263.517029687837
2005_MASSACHUSETTS,MASSACHUSETTS,2005,247.33704896217003,291.5135411152,231.279439344407,261.013686455544
2005_MICHIGAN,MICHIGAN,2005,237.70600298851102,277.346681960374,218.260689053895,267.00317168531103
2005_MINNESOTA,MINNESOTA,2005,245.746191132071,290.074995791089,225.226578117864,266.831233242163
2005_MISSISSIPPI,MISSISSIPPI,2005,226.698844722803,262.456242710419,204.39360704930303,263.938418419941
2005_MISSOURI,MISSOURI,2005,235.035547623939,276.44993926095003,221.16862279503,252.691593269226
2005_MONTANA,MONTANA,2005,240.575488552507,286.432001216413,224.552179792932,269.983443790132
2005_NEBRASKA,NEBRASKA,2005,237.706178475691,283.9629910353,221.377462774998,260.78238344543
2005_NEVADA,NEVADA,2005,229.87159551387995,269.905585503685,207.186974378559,273.716062946534
2005_NEW_HAMPSHIRE,NEW_HAMPSHIRE,2005,245.62592639978698,285.2533570362,227.438324133747,261.138472348508
2005_NEW_JERSEY,NEW_JERSEY,2005,243.978931397732,283.902604236295,223.298393451738,268.35667287108896
2005_NEW_MEXICO,NEW_MEXICO,2005,224.027218256997,263.275162986677,206.79162070609902,250.530668896407
2005_NEW_YORK,NEW_YORK,2005,238.173976704232,279.716253699868,222.695200017251,264.659368767086
2005_NORTH_CAROLINA,NORTH_CAROLINA,2005,241.23554932895803,281.82513658657797,217.13444866524398,269.224129746888
2005_NORTH_DAKOTA,NORTH_DAKOTA,2005,242.73699505931702,286.960953441317,224.810846710111,267.455694338449
2005_OHIO,OHIO,2005,242.105935222061,283.251774708647,222.533253783097,252.86906252292005
2005_OKLAHOMA,OKLAHOMA,2005,233.95532879955002,271.35990240867903,213.861450098821,269.65127033258597
2005_OREGON,OREGON,2005,238.324930566673,282.237325362273,216.899980219675,269.423228138126
2005_PENNSYLVANIA,PENNSYLVANIA,2005,240.57296331100702,280.713835066326,222.771980355527,251.03333074844502
2005_RHODE_ISLAND,RHODE_ISLAND,2005,233.436772307714,272.345018074323,216.43986733386902,265.13856181731603
2005_SOUTH_CAROLINA,SOUTH_CAROLINA,2005,238.302675325314,281.23432113535,213.20350717718102,258.160185489234
2005_SOUTH_DAKOTA,SOUTH_DAKOTA,2005,241.594186083007,287.303617983357,222.39869209845298,270.243755830946
2005_TENNESSEE,TENNESSEE,2005,231.688079714459,270.524576784271,214.221269348578,266.767281184036
2005_TEXAS,TEXAS,2005,241.990916323988,281.10284504749296,218.733823976846,259.631359955752
2005_UTAH,UTAH,2005,238.797423758414,279.15612342679196,221.310927118758,263.156890818544
2005_VERMONT,VERMONT,2005,243.52885539429298,287.35648761684104,226.88625100599202,266.821911059188
2005_VIRGINIA,VIRGINIA,2005,240.497568178325,284.371628221298,225.81371068133998,260.968326762196
2005_WASHINGTON,WASHINGTON,2005,241.68467451823898,285.052229728136,223.486397868759,257.16910456442
2005_WEST_VIRGINIA,WEST_VIRGINIA,2005,230.84326791657298,269.099492803301,214.767066412741,268.540435645755
2005_WISCONSIN,WISCONSIN,2005,240.568581924116,284.541556582959,221.16422654343899,259.072341834008
2005_WYOMING,WYOMING,2005,242.955913765367,282.10060959815496,223.262145963811,258.191597999486
2003_ALABAMA,ALABAMA,2003,223.344642639352,261.939022225118,207.083847576707,261.87087212251
2003_ALASKA,ALASKA,2003,232.99165432133597,279.02506986523105,211.54715356915298,268.772420626961
2003_ARIZONA,ARIZONA,2003,228.91139607018397,271.177350478914,208.87280135481998,267.80896673815397
2003_ARKANSAS,ARKANSAS,2003,229.00658865624402,265.77158934307596,213.615304459937,264.656551932316
2003_CALIFORNIA,CALIFORNIA,2003,227.45498179673598,267.049500585455,205.632437100793,255.07337956310002
2003_COLORADO,COLORADO,2003,235.19311612499598,283.399858481467,223.66098196102797,266.228560789199
2003_CONNECTICUT,CONNECTICUT,2003,240.61524163452302,283.729811207579,228.340614955382,268.124234884295
2003_DELAWARE,DELAWARE,2003,235.859424549367,277.158368932433,223.928811406218,253.172593739071
2003_DISTRICT_OF_COLUMBIA,DISTRICT_OF_COLUMBIA,2003,204.919850427599,243.05963824765098,188.374478503638,256.409625298838
2003_FLORIDA,FLORIDA,2003,233.72881145807003,271.371490239171,218.014488158342,255.320115210993
2003_GEORGIA,GEORGIA,2003,230.254976798559,269.677009232403,213.597219332523,257.998089007686
2003_HAWAII,HAWAII,2003,226.834610206384,265.728581015081,208.259567530742,251.007500405859
2003_IDAHO,IDAHO,2003,234.943764703458,279.939266837246,218.25988551638,267.592640864405
2003_ILLINOIS,ILLINOIS,2003,232.856775292011,277.16008095632196,216.3042879829,267.218075351081
2003_INDIANA,INDIANA,2003,237.96827988706298,281.220939756711,220.40649112667901,264.532051451005
2003_IOWA,IOWA,2003,238.476694547401,283.95334474435504,223.271129818993,238.700733278197
2003_KANSAS,KANSAS,2003,241.74736576191398,284.19108805230303,220.14322971260398,271.790968707121
2003_KENTUCKY,KENTUCKY,2003,228.72634325953098,274.278472166639,219.044417325545,257.30131978689604
2003_LOUISIANA,LOUISIANA,2003,226.247729119261,266.328359269062,204.729487524848,257.714824971911
2003_MAINE,MAINE,2003,237.61571038162498,281.903773320764,223.85949380546901,251.284801856226
2003_MARYLAND,MARYLAND,2003,233.079852288453,277.71611251073995,218.67375979261502,264.439775716816
2003_MASSACHUSETTS,MASSACHUSETTS,2003,241.664527429109,286.52069448017,227.604259402914,266.408968905567
2003_MICHIGAN,MICHIGAN,2003,235.68697467413898,276.441861597672,218.789056709096,264.832532267553
2003_MINNESOTA,MINNESOTA,2003,241.91229558307703,290.680055978624,222.608962298108,267.5048316647
2003_MISSISSIPPI,MISSISSIPPI,2003,222.890600506289,260.911933580199,205.46440681013001,266.011689626198
2003_MISSOURI,MISSOURI,2003,234.836425354607,278.766250348876,222.260230125215,266.191435227824
2003_MONTANA,MONTANA,2003,235.75491526568902,285.928022552419,222.74654162772703,253.448288243581
2003_NEBRASKA,NEBRASKA,2003,236.254108414529,282.19375596569597,220.61180206660597,268.323265177592
2003_NEVADA,NEVADA,2003,227.513598313738,268.04313771367,206.959682725248,261.59573193942504
2003_NEW_HAMPSHIRE,NEW_HAMPSHIRE,2003,243.11014219523702,286.198468660005,227.789508496749,272.90664505005697
2003_NEW_JERSEY,NEW_JERSEY,2003,238.776541201516,281.40711990453605,225.07332803577003,264.37829249338796
2003_NEW_MEXICO,NEW_MEXICO,2003,222.51800923908297,263.27290665162496,203.185312558191,267.711358412271
2003_NEW_YORK,NEW_YORK,2003,235.930075481869,279.749257044273,222.18820710677602,255.010828024612
2003_NORTH_CAROLINA,NORTH_CAROLINA,2003,242.04012560616403,281.240350571106,221.220579655011,267.363673296442
2003_NORTH_DAKOTA,NORTH_DAKOTA,2003,237.57738683297902,287.14464048292,221.642245735878,269.833415980195
2003_OHIO,OHIO,2003,237.78206789556302,281.607295379003,221.86579907669,266.313690432675
2003_OKLAHOMA,OKLAHOMA,2003,229.096621276342,271.905151347835,213.57935707208,252.309915677623
2003_OREGON,OREGON,2003,236.30590556784,280.892470910844,217.61453525022702,270.734453004041
2003_PENNSYLVANIA,PENNSYLVANIA,2003,235.947017122469,278.537758124922,218.69842753610902,267.786953088416
2003_RHODE_ISLAND,RHODE_ISLAND,2003,230.29796199237302,271.998694378475,216.494015184678,251.59915596535402
2003_SOUTH_CAROLINA,SOUTH_CAROLINA,2003,235.793223537785,277.300449617316,214.807724490456,265.329794503317
2003_SOUTH_DAKOTA,SOUTH_DAKOTA,2003,237.26482055278802,284.881736383978,222.27317857721198,261.71164481782
2003_TENNESSEE,TENNESSEE,2003,227.75504472077301,268.175728562365,211.94754112042,269.73035434547
2003_TEXAS,TEXAS,2003,237.305921828857,277.052648954338,214.80800561674099,266.566105917826
2003_UTAH,UTAH,2003,234.782950865289,280.64536966117,219.270338418871,261.719961000332
2003_VERMONT,VERMONT,2003,241.92607241845903,285.6455721843,226.121746629112,264.025569883652
2003_VIRGINIA,VIRGINIA,2003,239.20308912003503,281.676643366069,223.340359189755,264.267365101484
2003_WASHINGTON,WASHINGTON,2003,238.292839469301,281.151364414263,221.096695134157,260.879572089782
2003_WEST_VIRGINIA,WEST_VIRGINIA,2003,230.767748452518,270.770353447282,219.179524491303,258.08899144280497
2003_WISCONSIN,WISCONSIN,2003,236.75541398272597,283.91586565449404,220.833427555838,269.97105860956503
2003_WYOMING,WYOMING,2003,241.08570064627898,283.50334994463,222.075166369555,258.10836458389
2000_ALABAMA,ALABAMA,2000,217.94105295810903,262.15820551985,206.88002954674,258.77725796924096
2000_ALASKA,ALASKA,2000,,,,264.30344257817404
2000_ARIZONA,ARIZONA,2000,218.766619064154,270.715405900397,205.347275383339,270.519439020331
2000_ARKANSAS,ARKANSAS,2000,217.06286951100202,261.363712665471,212.88179718175,268.004817111028
2000_CALIFORNIA,CALIFORNIA,2000,213.565125054589,262.171026590943,205.916587739819,264.494066459256
2000_COLORADO,COLORADO,2000,,,,259.564237912782
2000_CONNECTICUT,CONNECTICUT,2000,234.24337472598702,281.902485561834,229.381142779797,266.46861763683603
2000_DELAWARE,DELAWARE,2000,,,224.303558406048,267.00102854451
2000_DISTRICT_OF_COLUMBIA,DISTRICT_OF_COLUMBIA,2000,193.28977448330102,234.428798057957,190.518073061148,252.50170539730598
2000_FLORIDA,FLORIDA,2000,,,214.404597570145,
2000_GEORGIA,GEORGIA,2000,219.556757129447,266.332047317995,214.81843751796902,256.734911435366
2000_HAWAII,HAWAII,2000,215.846798551931,262.772560543574,207.58544265837398,260.134870734393
2000_IDAHO,IDAHO,2000,226.89378450457298,277.917913542907,220.217616989796,250.45080327128798
2000_ILLINOIS,ILLINOIS,2000,224.930411301324,276.909459049332,,
2000_INDIANA,INDIANA,2000,234.421428848088,283.05122925517503,221.88034682187,267.03207277544703
2000_IOWA,IOWA,2000,232.896934923163,,223.330640850894,267.27419015820703
2000_KANSAS,KANSAS,2000,231.95343457542302,283.679619149647,221.97833137733502,239.81052471406798
2000_KENTUCKY,KENTUCKY,2000,220.993596656925,271.561511404378,219.04206752609102,272.913744585382
2000_LOUISIANA,LOUISIANA,2000,217.963756187095,258.98200182432004,206.640449811813,261.053655909529
2000_MAINE,MAINE,2000,230.56864599996499,283.641703580061,224.50827816457803,258.005481643787
2000_MARYLAND,MARYLAND,2000,222.310406824294,276.014360058913,217.211175377249,251.613131557334
2000_MASSACHUSETTS,MASSACHUSETTS,2000,234.959613253214,283.123245551255,233.74841031731603,266.499769185748
2000_MICHIGAN,MICHIGAN,2000,230.886972490047,278.452666707407,218.613319556875,
2000_MINNESOTA,MINNESOTA,2000,235.27088758060398,287.651942187297,225.258514366717,264.88812111338103
2000_MISSISSIPPI,MISSISSIPPI,2000,210.97035028049703,254.033900269054,202.793328058965,
2000_MISSOURI,MISSOURI,2000,228.55281380601502,273.575780410819,220.171767157677,269.11593569735
2000_MONTANA,MONTANA,2000,229.812004834534,286.584607021488,224.162866032429,265.246740416014
2000_NEBRASKA,NEBRASKA,2000,225.945335824734,280.618068695496,221.56523924816798,256.268351413193
2000_NEVADA,NEVADA,2000,220.27486645014,268.18159911998,209.129161847526,269.821249244155
2000_NEW_HAMPSHIRE,NEW_HAMPSHIRE,2000,,,,263.344864194438
2000_NEW_JERSEY,NEW_JERSEY,2000,,,,270.51826659124697
2000_NEW_MEXICO,NEW_MEXICO,2000,213.868300752056,259.844673042444,207.50117018395198,264.72304587388
2000_NEW_YORK,NEW_YORK,2000,226.559060716282,276.262858771617,222.445054715407,
2000_NORTH_CAROLINA,NORTH_CAROLINA,2000,232.46306482817698,280.127947198885,221.634039776418,255.02119273528402
2000_NORTH_DAKOTA,NORTH_DAKOTA,2000,230.892957801454,283.073844051673,223.59155804258202,267.909415312882
2000_OHIO,OHIO,2000,230.574216614128,282.672753528445,222.435965378937,270.165042334049
2000_OKLAHOMA,OKLAHOMA,2000,225.04192223888302,271.645793898218,213.328415588676,269.948920609891
2000_OREGON,OREGON,2000,226.62949114105203,280.640222797324,219.936918287852,251.36320098116198
2000_PENNSYLVANIA,PENNSYLVANIA,2000,,,220.63639332695598,
2000_RHODE_ISLAND,RHODE_ISLAND,2000,224.633857260814,273.425785095558,219.623505300296,
2000_SOUTH_CAROLINA,SOUTH_CAROLINA,2000,220.417006234898,266.35369952528197,213.858854536652,253.662756337578
2000_SOUTH_DAKOTA,SOUTH_DAKOTA,2000,,,,263.948636520536
2000_TENNESSEE,TENNESSEE,2000,219.83558730332,263.436599688201,213.69391761722198,265.022858505901
2000_TEXAS,TEXAS,2000,232.66602971637502,274.846015943346,216.932241699579,268.090026516872
2000_UTAH,UTAH,2000,227.292673197294,275.436709934551,221.514180550383,268.315861934206
2000_VERMONT,VERMONT,2000,231.69773638279702,283.408381447859,226.961227404525,262.012002985815
2000_VIRGINIA,VIRGINIA,2000,230.39480892807998,276.674991537432,225.00943580011102,268.14453047088904
2000_WASHINGTON,WASHINGTON,2000,,,223.655932696814,265.320558357815
2000_WEST_VIRGINIA,WEST_VIRGINIA,2000,224.848298072233,270.78007629135504,218.777794121694,261.90343434100896
2000_WISCONSIN,WISCONSIN,2000,,,,257.640782839043
2000_WYOMING,WYOMING,2000,229.251922742069,276.68998034322004,221.129753649229,
1996_ALABAMA,ALABAMA,1996,211.646973546124,256.594863207309,210.920767475306,260.276441370062
1996_ALASKA,ALASKA,1996,223.83345456097598,277.643071449619,,262.100424202088
1996_ARIZONA,ARIZONA,1996,217.575940481046,267.874834337364,206.52978842714802,263.283637608256
1996_ARKANSAS,ARKANSAS,1996,215.84643599604198,261.652745252938,208.837715847409,271.834589771075
1996_CALIFORNIA,CALIFORNIA,1996,209.12908267874698,262.772478440845,201.91259066657102,269.197450536696
1996_COLORADO,COLORADO,1996,225.805857540771,275.608214245213,221.65324325387797,268.16815433493696
1996_CONNECTICUT,CONNECTICUT,1996,232.02657385064,279.591244854912,231.598304622903,263.689781060585
1996_DELAWARE,DELAWARE,1996,215.025101739945,266.733673323772,212.00256328748,
1996_DISTRICT_OF_COLUMBIA,DISTRICT_OF_COLUMBIA,1996,187.134669958413,232.831509532896,181.626990470712,264.938465791346
1996_FLORIDA,FLORIDA,1996,215.763582637868,263.63939360129797,207.297609369791,255.226634758003
1996_GEORGIA,GEORGIA,1996,215.455861748735,262.466020943521,209.818703890167,
1996_HAWAII,HAWAII,1996,214.96556158973,262.130081659249,199.70168159445598,260.800207957654
1996_IDAHO,IDAHO,1996,,,,255.72653046075803
1996_ILLINOIS,ILLINOIS,1996,,,,253.212951848734
1996_INDIANA,INDIANA,1996,229.39444358509,275.52903680476396,,263.542195758144
1996_IOWA,IOWA,1996,229.12619839613498,283.986368602787,223.045210304491,271.566770262617
1996_KANSAS,KANSAS,1996,,,222.184880032678,255.88232724792005
1996_KENTUCKY,KENTUCKY,1996,219.988194977368,266.591684017917,217.53088006176003,236.37910176331403
1996_LOUISIANA,LOUISIANA,1996,209.020670031591,252.38039469873698,204.226630274646,269.164666217334
1996_MAINE,MAINE,1996,232.20704454562,284.059857433683,225.404455198134,253.334826741604
1996_MARYLAND,MARYLAND,1996,220.69496066923801,269.681431438747,214.929886926389,257.073154114235
1996_MASSACHUSETTS,MASSACHUSETTS,1996,228.96640259421002,277.565642048853,225.309860500514,249.689755497402
1996_MICHIGAN,MICHIGAN,1996,226.25805638790797,276.866078248355,216.50139799809799,
1996_MINNESOTA,MINNESOTA,1996,232.193088399935,284.048944634206,221.83011421782996,
1996_MISSISSIPPI,MISSISSIPPI,1996,208.434118577159,250.215489081725,204.301815338639,
1996_MISSOURI,MISSOURI,1996,224.734461780233,273.284887242559,216.18255868340302,
1996_MONTANA,MONTANA,1996,227.51623614729,283.003869962468,226.149056807806,267.78819544201303
1996_NEBRASKA,NEBRASKA,1996,227.54399272942402,282.76960686188204,,262.06171356024504
1996_NEVADA,NEVADA,1996,217.62261218492,,207.59793005728199,251.891860455233
1996_NEW_HAMPSHIRE,NEW_HAMPSHIRE,1996,,,225.71564134755798,272.647106316912
1996_NEW_JERSEY,NEW_JERSEY,1996,227.24016718489,,,262.102922675169
1996_NEW_MEXICO,NEW_MEXICO,1996,213.844024972342,261.970366722903,205.948605264999,268.872457894829
1996_NEW_YORK,NEW_YORK,1996,222.634058698567,270.23148604297796,215.77921569418098,
1996_NORTH_CAROLINA,NORTH_CAROLINA,1996,224.32512493822497,267.834560282947,216.83746284431197,267.218236187418
1996_NORTH_DAKOTA,NORTH_DAKOTA,1996,230.904183161864,284.222267982804,,250.578131600625
1996_OHIO,OHIO,1996,,,,262.90367876662003
1996_OKLAHOMA,OKLAHOMA,1996,,,219.511821509926,270.21341948159
1996_OREGON,OREGON,1996,223.476164730433,276.341513193468,214.442086585458,
1996_PENNSYLVANIA,PENNSYLVANIA,1996,226.21201467000802,,,256.838401303912
1996_RHODE_ISLAND,RHODE_ISLAND,1996,220.41809391747898,268.87730812505197,218.02751787012798,
1996_SOUTH_CAROLINA,SOUTH_CAROLINA,1996,213.194414923382,260.77544755056,210.449038859528,
1996_SOUTH_DAKOTA,SOUTH_DAKOTA,1996,,,,257.532427542738
1996_TENNESSEE,TENNESSEE,1996,219.17624797698997,263.118935026706,212.40378271707502,266.311662282306
1996_TEXAS,TEXAS,1996,228.712919803307,270.1995775601,216.862012407326,263.591741914869
1996_UTAH,UTAH,1996,226.515841243447,276.77310580851,215.409191327204,
1996_VERMONT,VERMONT,1996,224.88106012534197,279.253243011267,,
1996_VIRGINIA,VIRGINIA,1996,222.64321299686,269.754404714393,218.352728377109,265.363798443416
1996_WASHINGTON,WASHINGTON,1996,225.05329812351798,276.11711956326803,216.846967074992,265.807107945656
1996_WEST_VIRGINIA,WEST_VIRGINIA,1996,223.350132747101,264.865205444032,216.443251227676,
1996_WISCONSIN,WISCONSIN,1996,231.41185147962398,282.848741719953,224.34723177863398,262.32512640240003
1996_WYOMING,WYOMING,1996,223.196002932912,274.77894697866697,219.010779618272,254.52363696023602
1992_ALABAMA,ALABAMA,1992,208.327875923738,252.18752241295,207.963517196451,
1992_ALASKA,ALASKA,1992,,,,258.859712454914
1992_ARIZONA,ARIZONA,1992,215.2539320246,265.366277794427,206.212715526558,262.169894656696
1992_ARKANSAS,ARKANSAS,1992,210.20602809793,256.312090419091,208.634458392674,264.619664664416
1992_CALIFORNIA,CALIFORNIA,1992,208.398960917183,260.89224682207004,196.764414122393,
1992_COLORADO,COLORADO,1992,221.023429078871,272.398432913929,213.48089032546397,266.41968692282995
1992_CONNECTICUT,CONNECTICUT,1992,226.79848003762402,273.739344572132,222.417598625519,264.713904329936
1992_DELAWARE,DELAWARE,1992,217.899972448292,262.868585398892,206.38905171429198,261.57792090563
1992_DISTRICT_OF_COLUMBIA,DISTRICT_OF_COLUMBIA,1992,192.60055314202802,234.924621328025,178.557611651728,265.976765009526
1992_FLORIDA,FLORIDA,1992,213.68975116346803,259.90884818230097,204.882606345676,262.118986062654
1992_GEORGIA,GEORGIA,1992,215.594906163657,259.359433593101,206.84417466208,
1992_HAWAII,HAWAII,1992,214.056666073088,257.41088740917303,200.88027220468,
1992_IDAHO,IDAHO,1992,221.56253448882998,275.09029414145,,
1992_ILLINOIS,ILLINOIS,1992,,,,
1992_INDIANA,INDIANA,1992,221.03774247419497,270.098943937619,219.76325753607497,
1992_IOWA,IOWA,1992,229.88407790241,283.360009038918,222.85293897815498,
1992_KANSAS,KANSAS,1992,,,,
1992_KENTUCKY,KENTUCKY,1992,215.048157721324,262.241281641376,211.562307283476,
1992_LOUISIANA,LOUISIANA,1992,204.140211329176,249.98392592402,196.76226783783002,
1992_MAINE,MAINE,1992,231.63883993862498,278.635384117375,228.38002677611098,
1992_MARYLAND,MARYLAND,1992,217.31770793589902,264.82549311365,209.645496686524,
1992_MASSACHUSETTS,MASSACHUSETTS,1992,226.59791777604198,272.783201271176,223.16007568134998,
1992_MICHIGAN,MICHIGAN,1992,219.878352304218,267.353194329414,,
1992_MINNESOTA,MINNESOTA,1992,228.493596281064,282.392204641658,218.301709171959,
1992_MISSISSIPPI,MISSISSIPPI,1992,201.828261189784,246.458035433033,201.529327838956,
1992_MISSOURI,MISSOURI,1992,222.21559976008098,271.131544740125,216.898079209576,
1992_MONTANA,MONTANA,1992,,,222.301419050803,
1992_NEBRASKA,NEBRASKA,1992,225.33264753313202,277.654523381042,220.034963055612,
1992_NEVADA,NEVADA,1992,,,,
1992_NEW_HAMPSHIRE,NEW_HAMPSHIRE,1992,229.664563843433,278.216325585348,223.466139521211,
1992_NEW_JERSEY,NEW_JERSEY,1992,227.14804704408903,271.90556119235697,219.39046831622898,
1992_NEW_MEXICO,NEW_MEXICO,1992,213.299089872535,259.606717651222,204.535910683103,
1992_NEW_YORK,NEW_YORK,1992,218.44553529257303,266.422300096356,211.74092082461001,
1992_NORTH_CAROLINA,NORTH_CAROLINA,1992,212.884489891009,258.405374807984,214.358085541861,
1992_NORTH_DAKOTA,NORTH_DAKOTA,1992,228.66281534053903,283.213074712775,225.23908328462997,
1992_OHIO,OHIO,1992,218.711934884257,268.124197827471,,
1992_OKLAHOMA,OKLAHOMA,1992,220.31980591536,268.131989632929,,
1992_OREGON,OREGON,1992,,,,
1992_PENNSYLVANIA,PENNSYLVANIA,1992,224.305731577843,271.378438779246,215.26834149316502,
1992_RHODE_ISLAND,RHODE_ISLAND,1992,215.449248153985,265.907109115823,219.94009770347802,
1992_SOUTH_CAROLINA,SOUTH_CAROLINA,1992,212.49671380608,260.77254399911,203.416190261787,
1992_SOUTH_DAKOTA,SOUTH_DAKOTA,1992,,,,
1992_TENNESSEE,TENNESSEE,1992,210.948227412449,258.828048116901,212.531394061172,
1992_TEXAS,TEXAS,1992,217.918744453105,264.592828381905,212.394311044766,
1992_UTAH,UTAH,1992,224.042247672311,274.343177142075,217.33039276236698,
1992_VERMONT,VERMONT,1992,,,,
1992_VIRGINIA,VIRGINIA,1992,220.76296421573397,267.863726281842,213.45728592843201,
1992_WASHINGTON,WASHINGTON,1992,,,212.695385844034,
1992_WEST_VIRGINIA,WEST_VIRGINIA,1992,215.268928423619,259.08644839191896,213.146934703516,
1992_WISCONSIN,WISCONSIN,1992,228.692001118186,277.879134613647,224.17454529557202,
1992_WYOMING,WYOMING,1992,225.377591635114,275.080076053804,221.185555866572,
